Workbook
Name Slicer_Discount_Band1: #N/A
Name Slicer_Out_Of_Stock: #N/A
Name Slicer_Price_Band1: #N/A

Sheet Full_Data
A1: Product Name | B1: original MRP | C1: MRP | D1: Discount % | E1: Available Quantity | F1: discountedSellingPrice | G1: Selling Price | H1: Weight (g) | I1: Price per gram | J1: Out Of Stock | K1: Quantity | L1: Discount Amount | M1: Price Band | N1: Discount Band | O1: Data Quality Flag | P1: Calculated Price per gram | Q1: PPG Validation | R1: Discount Validation | S1: Discount Validation — Whole %
A2: Onion | B2: 2500 | C2: =B2/100 -> 25 | D2: 16 | E2: 3 | F2: 2100 | G2: =F2/100 -> 21 | H2: 1000 | I2: =Full_Data[[#This Row],[Selling Price]]/Full_Data[[#This Row],[Weight (g)]] -> 0.021 | J2: FALSE | K2: 1 | L2: =C2-G2 -> 4 | M2: =IF(G2<50,"Low",IF(G2<200,"Medium","High")) -> Low | N2: =IF(D2<=5,"0-5%", IF(D2<=10,"6-10%", IF(D2<=15,"11-15%", IF(D2<=20,"16-20%","21%+")))) -> 16-20% | O2: =IF(AND(C2=0,G2=0),"Review: Zero MRP and selling price",IF(C2<=0,"Review: Invalid MRP",IF(G2<0,"Review: Negative selling price",IF(G2=0,"Review: Zero selling price",IF(H2<=0,"Review: Invalid weight","OK"))))) -> OK | P2: =IFERROR(Full_Data!G2/Full_Data!H2,"Check data") -> 0.021 | Q2: =IF(OR(H2="",H2<=0),"Invalid weight",IF(G2="","Missing selling price",IF(ROUND(G2/H2,2)=ROUND(I2,2),"Match","Mismatch"))) -> Match | R2: =IF(OR(C2<=0,G2=""),"Check data",IF(ROUND((C2-G2)/C2*100,2)=ROUND(D2,2),"Match","Mismatch")) -> Match | S2: =IF(OR(C2<=0,G2=""),"Check data",IF(ROUND((C2-G2)/C2*100,0)=D2,"Match","Mismatch")) -> Match
A3: Tomato Hybrid | B3: 4200 | C3: =B3/100 -> 42 | D3: 16 | E3: 3 | F3: 3500 | G3: =F3/100 -> 35 | H3: 1000 | I3: =Full_Data[[#This Row],[Selling Price]]/Full_Data[[#This Row],[Weight (g)]] -> 0.035 | J3: FALSE | K3: 1 | L3: =C3-G3 -> 7 | M3: =IF(G3<50,"Low",IF(G3<200,"Medium","High")) -> Low | N3: =IF(D3<=5,"0-5%", IF(D3<=10,"6-10%", IF(D3<=15,"11-15%", IF(D3<=20,"16-20%","21%+")))) -> 16-20% | O3: =IF(AND(C3=0,G3=0),"Review: Zero MRP and selling price",IF(C3<=0,"Review: Invalid MRP",IF(G3<0,"Review: Negative selling price",IF(G3=0,"Review: Zero selling price",IF(H3<=0,"Review: Invalid weight","OK"))))) -> OK | P3: =IFERROR(Full_Data!G3/Full_Data!H3,"Check data") -> 0.035 | Q3: =IF(OR(H3="",H3<=0),"Invalid weight",IF(G3="","Missing selling price",IF(ROUND(G3/H3,2)=ROUND(I3,2),"Match","Mismatch"))) -> Match | R3: =IF(OR(C3<=0,G3=""),"Check data",IF(ROUND((C3-G3)/C3*100,2)=ROUND(D3,2),"Match","Mismatch")) -> Mismatch | S3: =IF(OR(C3<=0,G3=""),"Check data",IF(ROUND((C3-G3)/C3*100,0)=D3,"Match","Mismatch")) -> Mismatch
A4: Tender Coconut | B4: 5100 | C4: =B4/100 -> 51 | D4: 15 | E4: 3 | F4: 4300 | G4: =F4/100 -> 43 | H4: 58 | I4: =Full_Data[[#This Row],[Selling Price]]/Full_Data[[#This Row],[Weight (g)]] -> 0.74137931 | J4: FALSE | K4: 1 | L4: =C4-G4 -> 8 | M4: =IF(G4<50,"Low",IF(G4<200,"Medium","High")) -> Low | N4: =IF(D4<=5,"0-5%", IF(D4<=10,"6-10%", IF(D4<=15,"11-15%", IF(D4<=20,"16-20%","21%+")))) -> 11-15% | O4: =IF(AND(C4=0,G4=0),"Review: Zero MRP and selling price",IF(C4<=0,"Review: Invalid MRP",IF(G4<0,"Review: Negative selling price",IF(G4=0,"Review: Zero selling price",IF(H4<=0,"Review: Invalid weight","OK"))))) -> OK | P4: =IFERROR(Full_Data!G4/Full_Data!H4,"Check data") -> 0.74137931 | Q4: =IF(OR(H4="",H4<=0),"Invalid weight",IF(G4="","Missing selling price",IF(ROUND(G4/H4,2)=ROUND(I4,2),"Match","Mismatch"))) -> Match | R4: =IF(OR(C4<=0,G4=""),"Check data",IF(ROUND((C4-G4)/C4*100,2)=ROUND(D4,2),"Match","Mismatch")) -> Mismatch | S4: =IF(OR(C4<=0,G4=""),"Check data",IF(ROUND((C4-G4)/C4*100,0)=D4,"Match","Mismatch")) -> Mismatch
A5: Coriander Leaves | B5: 2000 | C5: =B5/100 -> 20 | D5: 15 | E5: 3 | F5: 1700 | G5: =F5/100 -> 17 | H5: 100 | I5: =Full_Data[[#This Row],[Selling Price]]/Full_Data[[#This Row],[Weight (g)]] -> 0.17 | J5: FALSE | K5: 100 | L5: =C5-G5 -> 3 | M5: =IF(G5<50,"Low",IF(G5<200,"Medium","High")) -> Low | N5: =IF(D5<=5,"0-5%", IF(D5<=10,"6-10%", IF(D5<=15,"11-15%", IF(D5<=20,"16-20%","21%+")))) -> 11-15% | O5: =IF(AND(C5=0,G5=0),"Review: Zero MRP and selling price",IF(C5<=0,"Review: Invalid MRP",IF(G5<0,"Review: Negative selling price",IF(G5=0,"Review: Zero selling price",IF(H5<=0,"Review: Invalid weight","OK"))))) -> OK | P5: =IFERROR(Full_Data!G5/Full_Data!H5,"Check data") -> 0.17 | Q5: =IF(OR(H5="",H5<=0),"Invalid weight",IF(G5="","Missing selling price",IF(ROUND(G5/H5,2)=ROUND(I5,2),"Match","Mismatch"))) -> Match | R5: =IF(OR(C5<=0,G5=""),"Check data",IF(ROUND((C5-G5)/C5*100,2)=ROUND(D5,2),"Match","Mismatch")) -> Match | S5: =IF(OR(C5<=0,G5=""),"Check data",IF(ROUND((C5-G5)/C5*100,0)=D5,"Match","Mismatch")) -> Match
A6: Ladies Finger | B6: 1400 | C6: =B6/100 -> 14 | D6: 14 | E6: 3 | F6: 1200 | G6: =F6/100 -> 12 | H6: 250 | I6: =Full_Data[[#This Row],[Selling Price]]/Full_Data[[#This Row],[Weight (g)]] -> 0.048 | J6: FALSE | K6: 250 | L6: =C6-G6 -> 2 | M6: =IF(G6<50,"Low",IF(G6<200,"Medium","High")) -> Low | N6: =IF(D6<=5,"0-5%", IF(D6<=10,"6-10%", IF(D6<=15,"11-15%", IF(D6<=20,"16-20%","21%+")))) -> 11-15% | O6: =IF(AND(C6=0,G6=0),"Review: Zero MRP and selling price",IF(C6<=0,"Review: Invalid MRP",IF(G6<0,"Review: Negative selling price",IF(G6=0,"Review: Zero selling price",IF(H6<=0,"Review: Invalid weight","OK"))))) -> OK | P6: =IFERROR(Full_Data!G6/Full_Data!H6,"Check data") -> 0.048 | Q6: =IF(OR(H6="",H6<=0),"Invalid weight",IF(G6="","Missing selling price",IF(ROUND(G6/H6,2)=ROUND(I6,2),"Match","Mismatch"))) -> Match | R6: =IF(OR(C6<=0,G6=""),"Check data",IF(ROUND((C6-G6)/C6*100,2)=ROUND(D6,2),"Match","Mismatch")) -> Mismatch | S6: =IF(OR(C6<=0,G6=""),"Check data",IF(ROUND((C6-G6)/C6*100,0)=D6,"Match","Mismatch")) -> Match
A7: Potato | B7: 3500 | C7: =B7/100 -> 35 | D7: 17 | E7: 3 | F7: 2900 | G7: =F7/100 -> 29 | H7: 1000 | I7: =Full_Data[[#This Row],[Selling Price]]/Full_Data[[#This Row],[Weight (g)]] -> 0.029 | J7: FALSE | K7: 1 | L7: =C7-G7 -> 6 | M7: =IF(G7<50,"Low",IF(G7<200,"Medium","High")) -> Low | N7: =IF(D7<=5,"0-5%", IF(D7<=10,"6-10%", IF(D7<=15,"11-15%", IF(D7<=20,"16-20%","21%+")))) -> 16-20% | O7: =IF(AND(C7=0,G7=0),"Review: Zero MRP and selling price",IF(C7<=0,"Review: Invalid MRP",IF(G7<0,"Review: Negative selling price",IF(G7=0,"Review: Zero selling price",IF(H7<=0,"Review: Invalid weight","OK"))))) -> OK | P7: =IFERROR(Full_Data!G7/Full_Data!H7,"Check data") -> 0.029 | Q7: =IF(OR(H7="",H7<=0),"Invalid weight",IF(G7="","Missing selling price",IF(ROUND(G7/H7,2)=ROUND(I7,2),"Match","Mismatch"))) -> Match | R7: =IF(OR(C7<=0,G7=""),"Check data",IF(ROUND((C7-G7)/C7*100,2)=ROUND(D7,2),"Match","Mismatch")) -> Mismatch | S7: =IF(OR(C7<=0,G7=""),"Check data",IF(ROUND((C7-G7)/C7*100,0)=D7,"Match","Mismatch")) -> Match
A8: Lemon | B8: 7500 | C8: =B8/100 -> 75 | D8: 16 | E8: 3 | F8: 6300 | G8: =F8/100 -> 63 | H8: 200 | I8: =Full_Data[[#This Row],[Selling Price]]/Full_Data[[#This Row],[Weight (g)]] -> 0.315 | J8: FALSE | K8: 200 | L8: =C8-G8 -> 12 | M8: =IF(G8<50,"Low",IF(G8<200,"Medium","High")) -> Medium | N8: =IF(D8<=5,"0-5%", IF(D8<=10,"6-10%", IF(D8<=15,"11-15%", IF(D8<=20,"16-20%","21%+")))) -> 16-20% | O8: =IF(AND(C8=0,G8=0),"Review: Zero MRP and selling price",IF(C8<=0,"Review: Invalid MRP",IF(G8<0,"Review: Negative selling price",IF(G8=0,"Review: Zero selling price",IF(H8<=0,"Review: Invalid weight","OK"))))) -> OK | P8: =IFERROR(Full_Data!G8/Full_Data!H8,"Check data") -> 0.315 | Q8: =IF(OR(H8="",H8<=0),"Invalid weight",IF(G8="","Missing selling price",IF(ROUND(G8/H8,2)=ROUND(I8,2),"Match","Mismatch"))) -> Match | R8: =IF(OR(C8<=0,G8=""),"Check data",IF(ROUND((C8-G8)/C8*100,2)=ROUND(D8,2),"Match","Mismatch")) -> Match | S8: =IF(OR(C8<=0,G8=""),"Check data",IF(ROUND((C8-G8)/C8*100,0)=D8,"Match","Mismatch")) -> Match
A9: Watermelon | B9: 5800 | C9: =B9/100 -> 58 | D9: 15 | E9: 3 | F9: 4900 | G9: =F9/100 -> 49 | H9: 58 | I9: =Full_Data[[#This Row],[Selling Price]]/Full_Data[[#This Row],[Weight (g)]] -> 0.84482759 | J9: FALSE | K9: 1 | L9: =C9-G9 -> 9 | M9: =IF(G9<50,"Low",IF(G9<200,"Medium","High")) -> Low | N9: =IF(D9<=5,"0-5%", IF(D9<=10,"6-10%", IF(D9<=15,"11-15%", IF(D9<=20,"16-20%","21%+")))) -> 11-15% | O9: =IF(AND(C9=0,G9=0),"Review: Zero MRP and selling price",IF(C9<=0,"Review: Invalid MRP",IF(G9<0,"Review: Negative selling price",IF(G9=0,"Review: Zero selling price",IF(H9<=0,"Review: Invalid weight","OK"))))) -> OK | P9: =IFERROR(Full_Data!G9/Full_Data!H9,"Check data") -> 0.84482759 | Q9: =IF(OR(H9="",H9<=0),"Invalid weight",IF(G9="","Missing selling price",IF(ROUND(G9/H9,2)=ROUND(I9,2),"Match","Mismatch"))) -> Match | R9: =IF(OR(C9<=0,G9=""),"Check data",IF(ROUND((C9-G9)/C9*100,2)=ROUND(D9,2),"Match","Mismatch")) -> Mismatch | S9: =IF(OR(C9<=0,G9=""),"Check data",IF(ROUND((C9-G9)/C9*100,0)=D9,"Match","Mismatch")) -> Mismatch
A10: Capsicum Green | B10: 2300 | C10: =B10/100 -> 23 | D10: 17 | E10: 3 | F10: 1900 | G10: =F10/100 -> 19 | H10: 250 | I10: =Full_Data[[#This Row],[Selling Price]]/Full_Data[[#This Row],[Weight (g)]] -> 0.076 | J10: FALSE | K10: 250 | L10: =C10-G10 -> 4 | M10: =IF(G10<50,"Low",IF(G10<200,"Medium","High")) -> Low | N10: =IF(D10<=5,"0-5%", IF(D10<=10,"6-10%", IF(D10<=15,"11-15%", IF(D10<=20,"16-20%","21%+")))) -> 16-20% | O10: =IF(AND(C10=0,G10=0),"Review: Zero MRP and selling price",IF(C10<=0,"Review: Invalid MRP",IF(G10<0,"Review: Negative selling price",IF(G10=0,"Review: Zero selling price",IF(H10<=0,"Review: Invalid weight","OK"))))) -> OK | P10: =IFERROR(Full_Data!G10/Full_Data!H10,"Check data") -> 0.076 | Q10: =IF(OR(H10="",H10<=0),"Invalid weight",IF(G10="","Missing selling price",IF(ROUND(G10/H10,2)=ROUND(I10,2),"Match","Mismatch"))) -> Match | R10: =IF(OR(C10<=0,G10=""),"Check data",IF(ROUND((C10-G10)/C10*100,2)=ROUND(D10,2),"Match","Mismatch")) -> Mismatch | S10: =IF(OR(C10<=0,G10=""),"Check data",IF(ROUND((C10-G10)/C10*100,0)=D10,"Match","Mismatch")) -> Match
A11: Chilli Green | B11: 1900 | C11: =B11/100 -> 19 | D11: 15 | E11: 3 | F11: 1600 | G11: =F11/100 -> 16 | H11: 100 | I11: =Full_Data[[#This Row],[Selling Price]]/Full_Data[[#This Row],[Weight (g)]] -> 0.16 | J11: FALSE | K11: 100 | L11: =C11-G11 -> 3 | M11: =IF(G11<50,"Low",IF(G11<200,"Medium","High")) -> Low | N11: =IF(D11<=5,"0-5%", IF(D11<=10,"6-10%", IF(D11<=15,"11-15%", IF(D11<=20,"16-20%","21%+")))) -> 11-15% | O11: =IF(AND(C11=0,G11=0),"Review: Zero MRP and selling price",IF(C11<=0,"Review: Invalid MRP",IF(G11<0,"Review: Negative selling price",IF(G11=0,"Review: Zero selling price",IF(H11<=0,"Review: Invalid weight","OK"))))) -> OK | P11: =IFERROR(Full_Data!G11/Full_Data!H11,"Check data") -> 0.16 | Q11: =IF(OR(H11="",H11<=0),"Invalid weight",IF(G11="","Missing selling price",IF(ROUND(G11/H11,2)=ROUND(I11,2),"Match","Mismatch"))) -> Match | R11: =IF(OR(C11<=0,G11=""),"Check data",IF(ROUND((C11-G11)/C11*100,2)=ROUND(D11,2),"Match","Mismatch")) -> Mismatch | S11: =IF(OR(C11<=0,G11=""),"Check data",IF(ROUND((C11-G11)/C11*100,0)=D11,"Match","Mismatch")) -> Mismatch
A12: Banana Robusta | B12: 2900 | C12: =B12/100 -> 29 | D12: 17 | E12: 3 | F12: 2400 | G12: =F12/100 -> 24 | H12: 348 | I12: =Full_Data[[#This Row],[Selling Price]]/Full_Data[[#This Row],[Weight (g)]] -> 0.068965517 | J12: FALSE | K12: 6 | L12: =C12-G12 -> 5 | M12: =IF(G12<50,"Low",IF(G12<200,"Medium","High")) -> Low | N12: =IF(D12<=5,"0-5%", IF(D12<=10,"6-10%", IF(D12<=15,"11-15%", IF(D12<=20,"16-20%","21%+")))) -> 16-20% | O12: =IF(AND(C12=0,G12=0),"Review: Zero MRP and selling price",IF(C12<=0,"Review: Invalid MRP",IF(G12<0,"Review: Negative selling price",IF(G12=0,"Review: Zero selling price",IF(H12<=0,"Review: Invalid weight","OK"))))) -> OK | P12: =IFERROR(Full_Data!G12/Full_Data!H12,"Check data") -> 0.068965517 | Q12: =IF(OR(H12="",H12<=0),"Invalid weight",IF(G12="","Missing selling price",IF(ROUND(G12/H12,2)=ROUND(I12,2),"Match","Mismatch"))) -> Match | R12: =IF(OR(C12<=0,G12=""),"Check data",IF(ROUND((C12-G12)/C12*100,2)=ROUND(D12,2),"Match","Mismatch")) -> Mismatch | S12: =IF(OR(C12<=0,G12=""),"Check data",IF(ROUND((C12-G12)/C12*100,0)=D12,"Match","Mismatch")) -> Match
A13: Garlic Indian | B13: 1100 | C13: =B13/100 -> 11 | D13: 18 | E13: 3 | F13: 900 | G13: =F13/100 -> 9 | H13: 100 | I13: =Full_Data[[#This Row],[Selling Price]]/Full_Data[[#This Row],[Weight (g)]] -> 0.09 | J13: FALSE | K13: 100 | L13: =C13-G13 -> 2 | M13: =IF(G13<50,"Low",IF(G13<200,"Medium","High")) -> Low | N13: =IF(D13<=5,"0-5%", IF(D13<=10,"6-10%", IF(D13<=15,"11-15%", IF(D13<=20,"16-20%","21%+")))) -> 16-20% | O13: =IF(AND(C13=0,G13=0),"Review: Zero MRP and selling price",IF(C13<=0,"Review: Invalid MRP",IF(G13<0,"Review: Negative selling price",IF(G13=0,"Review: Zero selling price",IF(H13<=0,"Review: Invalid weight","OK"))))) -> OK | P13: =IFERROR(Full_Data!G13/Full_Data!H13,"Check data") -> 0.09 | Q13: =IF(OR(H13="",H13<=0),"Invalid weight",IF(G13="","Missing selling price",IF(ROUND(G13/H13,2)=ROUND(I13,2),"Match","Mismatch"))) -> Match | R13: =IF(OR(C13<=0,G13=""),"Check data",IF(ROUND((C13-G13)/C13*100,2)=ROUND(D13,2),"Match","Mismatch")) -> Mismatch | S13: =IF(OR(C13<=0,G13=""),"Check data",IF(ROUND((C13-G13)/C13*100,0)=D13,"Match","Mismatch")) -> Match
... A1831: &Stirred Mojito - Lemon & Mint | B1831: 5000 | C1831: =B1831/100 -> 50 | D1831: 30 | E1831: 0 | F1831: 3500 | G1831: =F1831/100 -> 35 | H1831: 125 | I1831: =Full_Data[[#This Row],[Selling Price]]/Full_Data[[#This Row],[Weight (g)]] -> 0.28 | J1831: TRUE | K1831: 125 | L1831: =C1831-G1831 -> 15 | M1831: =IF(G1831<50,"Low",IF(G1831<200,"Medium","High")) -> Low | N1831: =IF(D1831<=5,"0-5%", IF(D1831<=10,"6-10%", IF(D1831<=15,"11-15%", IF(D1831<=20,"16-20%","21%+")))) -> 21%+ | O1831: =IF(AND(C1831=0,G1831=0),"Review: Zero MRP and selling price",IF(C1831<=0,"Review: Invalid MRP",IF(G1831<0,"Review: Negative selling price",IF(G1831=0,"Review: Zero selling price",IF(H1831<=0,"Review: Invalid weight","OK"))))) -> OK | P1831: =IFERROR(Full_Data!G1831/Full_Data!H1831,"Check data") -> 0.28 | Q1831: =IF(OR(H1831="",H1831<=0),"Invalid weight",IF(G1831="","Missing selling price",IF(ROUND(G1831/H1831,2)=ROUND(I1831,2),"Match","Mismatch"))) -> Match | R1831: =IF(OR(C1831<=0,G1831=""),"Check data",IF(ROUND((C1831-G1831)/C1831*100,2)=ROUND(D1831,2),"Match","Mismatch")) -> Match | S1831: =IF(OR(C1831<=0,G1831=""),"Check data",IF(ROUND((C1831-G1831)/C1831*100,0)=D1831,"Match","Mismatch")) -> Match

Sheet Analysis
A1: Zepto Product & Inventory Analysis
B4: Count of Product Name | E4: Row Labels | F4: Count of Product Name | H4: Row Labels | I4: Sum of Discount Amount | K4: Row Labels | L4: Count of Product Name | M4: Average of Selling Price | O4: Row Labels | P4: Count of Product Name | R4: Row Labels | S4: Average of Price per gram | U4: Row Labels | V4: Average of Discount %
B5: 1830 | E5: 0-5% | F5: 851 | H5: Pampers Pants - Medium | I5: 150 | K5: Low | L5: 0.23661202 | M5: 30.627021 | O5: In Stock | P5: 1612 | R5: Pampers Premium Care New Baby Pants | S5: 13.333333 | U5: In Stock | V5: 8.1042184
E6: 6-10% | F6: 551 | H6: RRO Mascarpone Cheese | I6: 178 | K6: Medium | L6: 0.55956284 | M6: 109.14072 | O6: Out of Stock | P6: 218 | R6: Pampers Active Baby Diapers New Born Extra Small | S6: 13.5 | U6: Out of Stock | V6: 5.6513761
B7: Average of MRP | E7: 11-15% | F7: 181 | H7: Pampers Premium Care Pants - Large | I7: 200 | K7: High | L7: 0.20382514 | M7: 339.48794 | O7: Grand Total | P7: 1830 | R7: MamyPoko Pants Standard Diapers, Extra Large (12 - 17 kg) | S7: 14.192308 | U7: Grand Total | V7: 7.8120219
B8: 151.95191 | E8: 16-20% | F8: 137 | H8: Pampers Premium Care Pants - Medium | I8: 200 | K8: Grand Total | L8: 1 | M8: 137.51399 | R8: Comfy Baby Pants XL 12-17 kg | S8: 15.166667
E9: 21%+ | F9: 110 | H9: Dhara Health Refined Sun Flower Oil Jar | I9: 216 | R9: Pampers Premium Care Pants - Medium | S9: 16.648148
B10: Average of Discount % | E10: Grand Total | F10: 1830 | H10: Pampers Active Baby Diapers New Born Extra Small | I10: 250 | R10: Mamaearth Skin Correct Face Serum | S10: 16.966667
B11: 7.8120219 | H11: Kelloggs Chocos - Moons & Stars | I11: 264 | R11: Pampers Premium Care Pants - Large | S11: 20.431818
B12: =B11/100 -> 0.078120219 | H12: Popular Essentials Californian Almond | I12: 324 | R12: Nivea Lip Balm Original Care for 24h Moisture with Shea Butter & Natural Oils | S12: 23.8
H13: Pampers Pants - Large | I13: 700 | R13: Nivea Lip Balm Soft Rose for 24h Moisture with Natural Oils Delicate Rose Shine | S13: 33.8
A14: Total Available Quantity | B14: =SUM(Full_Data[Available Quantity]) -> 7353 | H14: Borges Extra Light Olive Oil Bottle | I14: 1201 | R14: Everest Saffron Kesar | S14: 120
A15: Out-of-Stock Products | B15: =COUNTIF(Full_Data[Out Of Stock],TRUE) -> 218 | H15: Grand Total | I15: 3683 | R15: Grand Total | S15: 28.783894
A16: Total Potential Savings | B16: =SUM(Full_Data[Discount Amount]) -> 26421.4
B18: Average of Selling Price
B19: 137.51399
A23: Count of Product Name | B23: Column Labels
A24: Row Labels | B24: FALSE | C24: TRUE
A25: 0-5% | B25: 0.84488837 | C25: 0.15511163
A26: 11-15% | B26: 0.93922652 | C26: 0.060773481
A27: 16-20% | B27: 0.94160584 | C27: 0.058394161
A28: 21%+ | B28: 0.91818182 | C28: 0.081818182
A29: 6-10% | B29: 0.89473684 | C29: 0.10526316
A30: Grand Total | B30: 0.88087432 | C30: 0.11912568

Sheet Data Findings
A1: Quality Check | E1: PPG Check | F1: Second Check Data Record | G1: Discount Validation | I1: Discount with decimals
E2: =IF(OR(Full_Data!H2<=0,Full_Data!G2=""),"Check data",IF(ROUND(Full_Data!G2/Full_Data!H2,2)=ROUND(Full_Data!I2,2),"Match","Mismatch")) -> Match | F2: =IFERROR(INDEX(Full_Data!A$2:A$1831,MATCH("Check data",Full_Data!Q$2:Q$1831,0)+COUNTIF(Full_Data!Q$2:Q$1831,"Match")+COUNTIF(Full_Data!Q$2:Q$1831,"Mismatch")),"No records found") -> No records found | G2: =IF(OR(Full_Data!C2<=0,Full_Data!G2=""),"Check data",IF(ROUND((Full_Data!C2-Full_Data!G2)/Full_Data!C2*100,2)=ROUND(Full_Data!D2,2),"Match","Mismatch")) -> Match | I2: =SUMPRODUCT(--(MOD(Full_Data!D2:D1831,1)<>0)) -> 0 | J2: =INDEX(Full_Data!A$2:A$1831,MATCH("Mismatch",Full_Data!S$2:S$1831,0)) -> Tomato Hybrid
A3: Check | B3: Result
A4: Total Products | B4: =COUNTA(Full_Data!A2:A1831) -> 1830 | G4: =INDEX(Full_Data!A$2:A$1831,MATCH("Mismatch",Full_Data!R$2:R$1831,0)) -> Tomato Hybrid
A5: Zero MRP Records | B5: =COUNTIF(Full_Data!B2:B1831,0) -> 1 | E5: Match Discount | F5: =COUNTIF(Full_Data[Discount Validation],"Match") -> 872 | I5: Zero discount | J5: =COUNTIF(Full_Data!D2:D1831,0) -> 539
A6: Zero Product Weight | B6: =COUNTIF(Full_Data[Weight (g)],0) -> 2 | E6: Mismatch | F6: =COUNTIF(Full_Data!R1:R1831,"Mismatch") -> 957 | J6: =SUMPRODUCT(--(Full_Data!D2:D1831=0),--(Full_Data!C2:C1831<>Full_Data!G2:G1831)) -> 5
A7: Zero Selling Price | B7: =COUNTIF(Full_Data[Selling Price],0) -> 1 | E7: Check data | F7: =COUNTIF(Full_Data!R1:R1831,"Check data") -> 1
A8: Missing Weight | B8: =COUNTBLANK(Full_Data[Weight (g)]) -> 0
A9: In Stock Records | B9: =COUNTIF(Full_Data[Out Of Stock],"False") -> 1612 | E9: Match without decimal | F9: =COUNTIF(Full_Data[Discount Validation — Whole %],"Match") -> 1353
A10: True or False | B10: =COUNTIF(Full_Data!J2:J1831,TRUE)+COUNTIF(Full_Data!J2:J1831,FALSE) -> 1830 | E10: Mismatch without decimal | F10: =COUNTIF(Full_Data[Discount Validation — Whole %],"Mismatch") -> 476
A11: Missing Name | B11: =COUNTBLANK(Full_Data!A2:A1831) -> 0 | E11: check data | F11: =COUNTIF(Full_Data[Discount Validation — Whole %],"Check data") -> 1
A12: Missing Selling Price | B12: =COUNTBLANK(Full_Data!G2:G1831) -> 0
A14: A14 | B14: VLOOKUP Practice
A15: A15 | B15: Product Name
A16: B15 | B16: =Full_Data!A2 -> Onion
A17: A16 | B17: Selling Price
A18: B16 | B18: =VLOOKUP(B16,Full_Data!$A$2:$G$1831,7,) -> 21
A19: Dabur Ginger Garlic Paste
A20: Quantity | B20: =VLOOKUP(A19,Full_Data!$A$2:$H$1831,8,FALSE) -> 100
A23: Matching Records | B23: =COUNTIF(Full_Data!Q2:Q1831,"Match") -> 1828
A24: Mismatch | B24: =COUNTIF(Full_Data!Q2:Q1831,"Mismatch") -> 0
A25: Review | B25: =COUNTIF(Full_Data!Q2:Q1831,"Check data") -> 0
A26: Check Data Records | B26: =IFERROR(INDEX(Full_Data!A$2:A$1831,MATCH("Check data",Full_Data!Q$2:Q$1831,0)),"No records found") -> No records found

Sheet Dashboard

Sheet Cooking Essentials
A1: name | B1: mrp | C1: discountPercent | D1: availableQuantity | E1: discountedSellingPrice | F1: weightInGms | G1: outOfStock | H1: quantity
A2: Maggi 2 Minute Masala Noodles | B2: 1200 | C2: 0 | D2: 6 | E2: 1200 | F2: 70 | G2: FALSE | H2: 70 | I2: Cooking Essentials
A3: iD Idli & Dosa Batter | B3: 8000 | C3: 15 | D3: 6 | E3: 6800 | F3: 1000 | G3: FALSE | H3: 1 | I3: Cooking Essentials
A4: Tata Salt | B4: 2400 | C4: 0 | D4: 6 | E4: 2400 | F4: 1000 | G4: FALSE | H4: 1 | I4: Cooking Essentials
A5: Arden Eggs White | B5: 9700 | C5: 0 | D5: 4 | E5: 9700 | F5: 696 | G5: FALSE | H5: 12 | I5: Cooking Essentials
A6: Arden Eggs White | B6: 6500 | C6: 15 | D6: 4 | E6: 5500 | F6: 348 | G6: FALSE | H6: 6 | I6: Cooking Essentials
A7: Fortune Sunlite Refined Sunflower (Pouch) | B7: 23000 | C7: 4 | D7: 6 | E7: 21900 | F7: 1000 | G7: FALSE | H7: 1 | I7: Cooking Essentials
A8: Aashirvaad Superior MP Atta | B8: 25000 | C8: 2 | D8: 6 | E8: 24500 | F8: 5000 | G8: FALSE | H8: 5 | I8: Cooking Essentials
A9: Amul Pure Ghee (Pouch) | B9: 25500 | C9: 2 | D9: 6 | E9: 24900 | F9: 500 | G9: FALSE | H9: 500 | I9: Cooking Essentials
A10: Arden Eggs Brown | B10: 8500 | C10: 7 | D10: 4 | E10: 7900 | F10: 348 | G10: FALSE | H10: 6 | I10: Cooking Essentials
A11: Tata Salt Lite | B11: 4000 | C11: 10 | D11: 6 | E11: 3600 | F11: 1000 | G11: FALSE | H11: 1 | I11: Cooking Essentials
A12: Saffola Gold Oil (Pouch) | B12: 21500 | C12: 0 | D12: 6 | E12: 21500 | F12: 1000 | G12: FALSE | H12: 1 | I12: Cooking Essentials
A13: Fortune Sunlite Refined Sunflower (Jar) | B13: 92500 | C13: 0 | D13: 6 | E13: 92500 | F13: 5000 | G13: FALSE | H13: 5 | I13: Cooking Essentials
... A515: Everest Saffron Kesar | B515: 12000 | C515: 0 | D515: 0 | E515: 12000 | F515: 1 | G515: TRUE | H515: 0 | I515: Cooking Essentials

Sheet Munchies
A1: name | B1: mrp | C1: discountPercent | D1: availableQuantity | E1: discountedSellingPrice | F1: weightInGms | G1: outOfStock | H1: quantity
A2: Maggi 2 Minute Masala Noodles | B2: 1200 | C2: 0 | D2: 6 | E2: 1200 | F2: 70 | G2: FALSE | H2: 70
A3: iD Idli & Dosa Batter | B3: 8000 | C3: 15 | D3: 6 | E3: 6800 | F3: 1000 | G3: FALSE | H3: 1
A4: Tata Salt | B4: 2400 | C4: 0 | D4: 6 | E4: 2400 | F4: 1000 | G4: FALSE | H4: 1
A5: Arden Eggs White | B5: 9700 | C5: 0 | D5: 4 | E5: 9700 | F5: 696 | G5: FALSE | H5: 12
A6: Arden Eggs White | B6: 6500 | C6: 15 | D6: 4 | E6: 5500 | F6: 348 | G6: FALSE | H6: 6
A7: Fortune Sunlite Refined Sunflower (Pouch) | B7: 23000 | C7: 4 | D7: 6 | E7: 21900 | F7: 1000 | G7: FALSE | H7: 1
A8: Aashirvaad Superior MP Atta | B8: 25000 | C8: 2 | D8: 6 | E8: 24500 | F8: 5000 | G8: FALSE | H8: 5
A9: Amul Pure Ghee (Pouch) | B9: 25500 | C9: 2 | D9: 6 | E9: 24900 | F9: 500 | G9: FALSE | H9: 500
A10: Arden Eggs Brown | B10: 8500 | C10: 7 | D10: 4 | E10: 7900 | F10: 348 | G10: FALSE | H10: 6
A11: Tata Salt Lite | B11: 4000 | C11: 10 | D11: 6 | E11: 3600 | F11: 1000 | G11: FALSE | H11: 1
A12: Saffola Gold Oil (Pouch) | B12: 21500 | C12: 0 | D12: 6 | E12: 21500 | F12: 1000 | G12: FALSE | H12: 1
A13: Fortune Sunlite Refined Sunflower (Jar) | B13: 92500 | C13: 0 | D13: 6 | E13: 92500 | F13: 5000 | G13: FALSE | H13: 5
... A515: Everest Saffron Kesar | B515: 12000 | C515: 0 | D515: 0 | E515: 12000 | F515: 1 | G515: TRUE | H515: 0

Sheet Fruits & Vegetables
A1: name | B1: mrp | C1: discountPercent | D1: availableQuantity | E1: discountedSellingPrice | F1: weightInGms | G1: outOfStock | H1: quantity | J1: =PROPER(A1) -> Name | K1: =PROPER(B1) -> Mrp | L1: =PROPER(C1) -> Discountpercent | M1: =PROPER(D1) -> Availablequantity | N1: =PROPER(E1) -> Discountedsellingprice | O1: =PROPER(F1) -> Weightingms | P1: =PROPER(G1) -> Outofstock | Q1: =PROPER(H1) -> Quantity | ... Y1: =PROPER(P1) -> Outofstock
A2: Onion | B2: 2500 | C2: 16 | D2: 3 | E2: 2100 | F2: 1000 | G2: FALSE | H2: 1
A3: Tomato Hybrid | B3: 4200 | C3: 16 | D3: 3 | E3: 3500 | F3: 1000 | G3: FALSE | H3: 1
A4: Tender Coconut | B4: 5100 | C4: 15 | D4: 3 | E4: 4300 | F4: 58 | G4: FALSE | H4: 1
A5: Coriander Leaves | B5: 2000 | C5: 15 | D5: 3 | E5: 1700 | F5: 100 | G5: FALSE | H5: 100
A6: Ladies Finger | B6: 1400 | C6: 14 | D6: 3 | E6: 1200 | F6: 250 | G6: FALSE | H6: 250
A7: Potato | B7: 3500 | C7: 17 | D7: 3 | E7: 2900 | F7: 1000 | G7: FALSE | H7: 1
A8: Lemon | B8: 7500 | C8: 16 | D8: 3 | E8: 6300 | F8: 200 | G8: FALSE | H8: 200
A9: Watermelon | B9: 5800 | C9: 15 | D9: 3 | E9: 4900 | F9: 58 | G9: FALSE | H9: 1
A10: Capsicum Green | B10: 2300 | C10: 17 | D10: 3 | E10: 1900 | F10: 250 | G10: FALSE | H10: 250
A11: Chilli Green | B11: 1900 | C11: 15 | D11: 3 | E11: 1600 | F11: 100 | G11: FALSE | H11: 100
A12: Banana Robusta | B12: 2900 | C12: 17 | D12: 3 | E12: 2400 | F12: 348 | G12: FALSE | H12: 6
A13: Garlic Indian | B13: 1100 | C13: 18 | D13: 3 | E13: 900 | F13: 100 | G13: FALSE | H13: 100
... A94: Safal Frozen - Sweet Corn | B94: 16000 | C94: 5 | D94: 0 | E94: 15200 | F94: 1000 | G94: TRUE | H94: 1

Sheet Dairy, Bread & Batter
A1: name | B1: mrp | C1: discountPercent | D1: availableQuantity | E1: discountedSellingPrice | F1: weightInGms | G1: outOfStock | H1: quantity
A2: Mother Dairy Toned Milk Pouch | B2: 2500 | C2: 0 | D2: 4 | E2: 2500 | F2: 500 | G2: FALSE | H2: 500
A3: Mother Dairy Classic Curd | B3: 3000 | C3: 3 | D3: 6 | E3: 2900 | F3: 400 | G3: FALSE | H3: 400
A4: Mother Dairy Ultra Full Cream Milk | B4: 3100 | C4: 0 | D4: 4 | E4: 3100 | F4: 500 | G4: FALSE | H4: 500
A5: Amul Butter - Pasteurised | B5: 5000 | C5: 2 | D5: 6 | E5: 4900 | F5: 100 | G5: FALSE | H5: 100
A6: Britannia Sandwich White Bread | B6: 3300 | C6: 0 | D6: 4 | E6: 3300 | F6: 350 | G6: FALSE | H6: 350
A7: iD Curd Pouch | B7: 3500 | C7: 2 | D7: 6 | E7: 3400 | F7: 400 | G7: FALSE | H7: 400
A8: iD Idli & Dosa Batter | B8: 8000 | C8: 15 | D8: 6 | E8: 6800 | F8: 1000 | G8: FALSE | H8: 1
A9: Britannia 100% Whole Wheat Bread | B9: 4500 | C9: 0 | D9: 4 | E9: 4500 | F9: 450 | G9: FALSE | H9: 450
A10: Britannia Healthy Slice Sandwich Bread | B10: 4000 | C10: 0 | D10: 4 | E10: 4000 | F10: 450 | G10: FALSE | H10: 450
A11: Gowardhan Classic Block Fresh Paneer | B11: 8900 | C11: 8 | D11: 6 | E11: 8100 | F11: 200 | G11: FALSE | H11: 200
A12: Amul Processed Cheese Cubes | B12: 10600 | C12: 4 | D12: 6 | E12: 10100 | F12: 200 | G12: FALSE | H12: 200
A13: Britannia Pav | B13: 2200 | C13: 0 | D13: 4 | E13: 2200 | F13: 250 | G13: FALSE | H13: 250
... A130: RRO Mozzarella Block Cheese | B130: 29500 | C130: 50 | D130: 0 | E130: 14700 | F130: 200 | G130: TRUE | H130: 200

Sheet Beverages
A1: name | B1: mrp | C1: discountPercent | D1: availableQuantity | E1: discountedSellingPrice | F1: weightInGms | G1: outOfStock | H1: quantity
A2: Mother Dairy Toned Milk Pouch | B2: 2500 | C2: 0 | D2: 4 | E2: 2500 | F2: 500 | G2: FALSE | H2: 500
A3: Mother Dairy Classic Curd | B3: 3000 | C3: 3 | D3: 6 | E3: 2900 | F3: 400 | G3: FALSE | H3: 400
A4: Mother Dairy Ultra Full Cream Milk | B4: 3100 | C4: 0 | D4: 4 | E4: 3100 | F4: 500 | G4: FALSE | H4: 500
A5: Amul Butter - Pasteurised | B5: 5000 | C5: 2 | D5: 6 | E5: 4900 | F5: 100 | G5: FALSE | H5: 100
A6: Britannia Sandwich White Bread | B6: 3300 | C6: 0 | D6: 4 | E6: 3300 | F6: 350 | G6: FALSE | H6: 350
A7: iD Curd Pouch | B7: 3500 | C7: 2 | D7: 6 | E7: 3400 | F7: 400 | G7: FALSE | H7: 400
A8: iD Idli & Dosa Batter | B8: 8000 | C8: 15 | D8: 6 | E8: 6800 | F8: 1000 | G8: FALSE | H8: 1
A9: Britannia 100% Whole Wheat Bread | B9: 4500 | C9: 0 | D9: 4 | E9: 4500 | F9: 450 | G9: FALSE | H9: 450
A10: Britannia Healthy Slice Sandwich Bread | B10: 4000 | C10: 0 | D10: 4 | E10: 4000 | F10: 450 | G10: FALSE | H10: 450
A11: Gowardhan Classic Block Fresh Paneer | B11: 8900 | C11: 8 | D11: 6 | E11: 8100 | F11: 200 | G11: FALSE | H11: 200
A12: Amul Processed Cheese Cubes | B12: 10600 | C12: 4 | D12: 6 | E12: 10100 | F12: 200 | G12: FALSE | H12: 200
A13: Britannia Pav | B13: 2200 | C13: 0 | D13: 4 | E13: 2200 | F13: 250 | G13: FALSE | H13: 250
... A130: RRO Mozzarella Block Cheese | B130: 29500 | C130: 50 | D130: 0 | E130: 14700 | F130: 200 | G130: TRUE | H130: 200

Sheet Packaged Food
A1: name | B1: mrp | C1: discountPercent | D1: availableQuantity | E1: discountedSellingPrice | F1: weightInGms | G1: outOfStock | H1: quantity
A2: Maggi 2 Minute Masala Noodles | B2: 1200 | C2: 0 | D2: 6 | E2: 1200 | F2: 70 | G2: FALSE | H2: 70
A3: iD Idli & Dosa Batter | B3: 8000 | C3: 15 | D3: 6 | E3: 6800 | F3: 1000 | G3: FALSE | H3: 1
A4: iD Malabar Parota | B4: 8000 | C4: 10 | D4: 4 | E4: 7200 | F4: 400 | G4: FALSE | H4: 400
A5: iD Wheat Lachha Paratha | B5: 8000 | C5: 12 | D5: 6 | E5: 7000 | F5: 400 | G5: FALSE | H5: 400
A6: McCain Aloo Tikki | B6: 11000 | C6: 4 | D6: 6 | E6: 10500 | F6: 400 | G6: FALSE | H6: 400
A7: McCain Smiles Cripsy Happy Potatoes | B7: 12000 | C7: 5 | D7: 6 | E7: 11400 | F7: 415 | G7: FALSE | H7: 415
A8: McCain Veggie Burger Patty | B8: 11500 | C8: 3 | D8: 6 | E8: 11100 | F8: 360 | G8: FALSE | H8: 360
A9: McCain Veggie Fingers | B9: 11700 | C9: 5 | D9: 6 | E9: 11100 | F9: 400 | G9: FALSE | H9: 400
A10: Amul Delicious Fat Spread - Cholesterol Free | B10: 1800 | C10: 5 | D10: 6 | E10: 1700 | F10: 100 | G10: FALSE | H10: 100
A11: Whiskas Wet Meal (Adult - Cat Food) Chicken in Gravy | B11: 3500 | C11: 2 | D11: 2 | E11: 3400 | F11: 85 | G11: FALSE | H11: 85
A12: McCain Chilli Garlic Potato Bites Crunchy Potato Nuggets | B12: 12500 | C12: 5 | D12: 1 | E12: 11800 | F12: 420 | G12: FALSE | H12: 420
A13: Ching's Secret Instant Hot Garlic Noodles | B13: 1500 | C13: 0 | D13: 3 | E13: 1500 | F13: 60 | G13: FALSE | H13: 60
... A389: Del Monte Pitted Green Olives | B389: 25000 | C389: 0 | D389: 0 | E389: 25000 | F389: 450 | G389: TRUE | H389: 450

Sheet Ice Cream & Desserts
A1: name | B1: mrp | C1: discountPercent | D1: availableQuantity | E1: discountedSellingPrice | F1: weightInGms | G1: outOfStock | H1: quantity
A2: Maggi 2 Minute Masala Noodles | B2: 1200 | C2: 0 | D2: 6 | E2: 1200 | F2: 70 | G2: FALSE | H2: 70
A3: iD Idli & Dosa Batter | B3: 8000 | C3: 15 | D3: 6 | E3: 6800 | F3: 1000 | G3: FALSE | H3: 1
A4: iD Malabar Parota | B4: 8000 | C4: 10 | D4: 4 | E4: 7200 | F4: 400 | G4: FALSE | H4: 400
A5: iD Wheat Lachha Paratha | B5: 8000 | C5: 12 | D5: 6 | E5: 7000 | F5: 400 | G5: FALSE | H5: 400
A6: McCain Aloo Tikki | B6: 11000 | C6: 4 | D6: 6 | E6: 10500 | F6: 400 | G6: FALSE | H6: 400
A7: McCain Smiles Cripsy Happy Potatoes | B7: 12000 | C7: 5 | D7: 6 | E7: 11400 | F7: 415 | G7: FALSE | H7: 415
A8: McCain Veggie Burger Patty | B8: 11500 | C8: 3 | D8: 6 | E8: 11100 | F8: 360 | G8: FALSE | H8: 360
A9: McCain Veggie Fingers | B9: 11700 | C9: 5 | D9: 6 | E9: 11100 | F9: 400 | G9: FALSE | H9: 400
A10: Amul Delicious Fat Spread - Cholesterol Free | B10: 1800 | C10: 5 | D10: 6 | E10: 1700 | F10: 100 | G10: FALSE | H10: 100
A11: Whiskas Wet Meal (Adult - Cat Food) Chicken in Gravy | B11: 3500 | C11: 2 | D11: 2 | E11: 3400 | F11: 85 | G11: FALSE | H11: 85
A12: McCain Chilli Garlic Potato Bites Crunchy Potato Nuggets | B12: 12500 | C12: 5 | D12: 1 | E12: 11800 | F12: 420 | G12: FALSE | H12: 420
A13: Ching's Secret Instant Hot Garlic Noodles | B13: 1500 | C13: 0 | D13: 3 | E13: 1500 | F13: 60 | G13: FALSE | H13: 60
... A389: Del Monte Pitted Green Olives | B389: 25000 | C389: 0 | D389: 0 | E389: 25000 | F389: 450 | G389: TRUE | H389: 450

Sheet Chocolates & Candies
A1: name | B1: mrp | C1: discountPercent | D1: availableQuantity | E1: discountedSellingPrice | F1: weightInGms | G1: outOfStock | H1: quantity
A2: Maggi 2 Minute Masala Noodles | B2: 1200 | C2: 0 | D2: 6 | E2: 1200 | F2: 70 | G2: FALSE | H2: 70
A3: iD Idli & Dosa Batter | B3: 8000 | C3: 15 | D3: 6 | E3: 6800 | F3: 1000 | G3: FALSE | H3: 1
A4: iD Malabar Parota | B4: 8000 | C4: 10 | D4: 4 | E4: 7200 | F4: 400 | G4: FALSE | H4: 400
A5: iD Wheat Lachha Paratha | B5: 8000 | C5: 12 | D5: 6 | E5: 7000 | F5: 400 | G5: FALSE | H5: 400
A6: McCain Aloo Tikki | B6: 11000 | C6: 4 | D6: 6 | E6: 10500 | F6: 400 | G6: FALSE | H6: 400
A7: McCain Smiles Cripsy Happy Potatoes | B7: 12000 | C7: 5 | D7: 6 | E7: 11400 | F7: 415 | G7: FALSE | H7: 415
A8: McCain Veggie Burger Patty | B8: 11500 | C8: 3 | D8: 6 | E8: 11100 | F8: 360 | G8: FALSE | H8: 360
A9: McCain Veggie Fingers | B9: 11700 | C9: 5 | D9: 6 | E9: 11100 | F9: 400 | G9: FALSE | H9: 400
A10: Amul Delicious Fat Spread - Cholesterol Free | B10: 1800 | C10: 5 | D10: 6 | E10: 1700 | F10: 100 | G10: FALSE | H10: 100
A11: Whiskas Wet Meal (Adult - Cat Food) Chicken in Gravy | B11: 3500 | C11: 2 | D11: 2 | E11: 3400 | F11: 85 | G11: FALSE | H11: 85
A12: McCain Chilli Garlic Potato Bites Crunchy Potato Nuggets | B12: 12500 | C12: 5 | D12: 1 | E12: 11800 | F12: 420 | G12: FALSE | H12: 420
A13: Ching's Secret Instant Hot Garlic Noodles | B13: 1500 | C13: 0 | D13: 3 | E13: 1500 | F13: 60 | G13: FALSE | H13: 60
... A389: Del Monte Pitted Green Olives | B389: 25000 | C389: 0 | D389: 0 | E389: 25000 | F389: 450 | G389: TRUE | H389: 450

Sheet Meats, Fish & Eggs
A1: name | B1: mrp | C1: discountPercent | D1: availableQuantity | E1: discountedSellingPrice | F1: weightInGms | G1: outOfStock | H1: quantity
A2: Arden Eggs White | B2: 9700 | C2: 0 | D2: 4 | E2: 9700 | F2: 696 | G2: FALSE | H2: 12
A3: Arden Eggs White | B3: 6500 | C3: 15 | D3: 4 | E3: 5500 | F3: 348 | G3: FALSE | H3: 6
A4: Arden Eggs Brown | B4: 8500 | C4: 7 | D4: 4 | E4: 7900 | F4: 348 | G4: FALSE | H4: 6
A5: Godrej Real Good Chicken Whole Pre-Cut | B5: 30000 | C5: 10 | D5: 4 | E5: 27000 | F5: 1000 | G5: FALSE | H5: 1
A6: Zorabian Chicken Breast Boneless | B6: 14500 | C6: 8 | D6: 3 | E6: 13300 | F6: 250 | G6: FALSE | H6: 250
A7: Godrej Real Good Chicken Curry Cut | B7: 17500 | C7: 9 | D7: 3 | E7: 15800 | F7: 500 | G7: FALSE | H7: 500
A8: TGFC Chicken Curry Cut Fresh | B8: 24900 | C8: 25 | D8: 1 | E8: 18600 | F8: 500 | G8: FALSE | H8: 500
A9: Arden Desi Eggs | B9: 11000 | C9: 13 | D9: 4 | E9: 9500 | F9: 348 | G9: FALSE | H9: 6
A10: Godrej Real Good Chicken Breast Boneless | B10: 27500 | C10: 9 | D10: 6 | E10: 24800 | F10: 450 | G10: FALSE | H10: 450
A11: Fresh Chicken Boneless Cubes (Halal) | B11: 21500 | C11: 5 | D11: 1 | E11: 20400 | F11: 500 | G11: FALSE | H11: 500
A12: Godrej Real Good Chicken Kheema | B12: 25500 | C12: 9 | D12: 3 | E12: 23000 | F12: 450 | G12: FALSE | H12: 450
A13: Suguna Sharp Egg | B13: 7200 | C13: 13 | D13: 3 | E13: 6200 | F13: 348 | G13: FALSE | H13: 6
... A64: Zorabian Chicken Cubes | B64: 27000 | C64: 0 | D64: 0 | E64: 27000 | F64: 500 | G64: TRUE | H64: 500

Sheet Biscuits
A1: name | B1: mrp | C1: discountPercent | D1: availableQuantity | E1: discountedSellingPrice | F1: weightInGms | G1: outOfStock | H1: quantity
A2: Britannia Good Day Cashew Cookies | B2: 1000 | C2: 0 | D2: 6 | E2: 1000 | F2: 60 | G2: FALSE | H2: 58
A3: Britannia 50-50 Maska Chaska Biscuits | B3: 3200 | C3: 3 | D3: 6 | E3: 3100 | F3: 120 | G3: FALSE | H3: 120
A4: Dukes Waffy Chocolate Wafers | B4: 4500 | C4: 51 | D4: 4 | E4: 2200 | F4: 60 | G4: FALSE | H4: 75
A5: Britannia Nutri Choice Digestive Biscuit | B5: 4500 | C5: 0 | D5: 1 | E5: 4500 | F5: 200 | G5: FALSE | H5: 150
A6: Britannia Goodday Chocochip Cookies | B6: 12000 | C6: 17 | D6: 5 | E6: 9900 | F6: 400 | G6: FALSE | H6: 400
A7: Britannia Good Day Pista Badam | B7: 4500 | C7: 2 | D7: 1 | E7: 4400 | F7: 200 | G7: FALSE | H7: 200
A8: Cadbury Chocobakes Chocolate Filled Cookies | B8: 3000 | C8: 0 | D8: 5 | E8: 3000 | F8: 75 | G8: FALSE | H8: 75
A9: Dukes Waffy Strawberry Roll | B9: 15000 | C9: 50 | D9: 3 | E9: 7500 | F9: 250 | G9: FALSE | H9: 250
A10: Parle Monaco Classic Salty Biscuits | B10: 7000 | C10: 0 | D10: 4 | E10: 7000 | F10: 400 | G10: FALSE | H10: 400
A11: Dukes Waffy Orange Wafers | B11: 4500 | C11: 51 | D11: 5 | E11: 2200 | F11: 60 | G11: FALSE | H11: 75
A12: Britannia Good Day Pista Badam | B12: 2000 | C12: 0 | D12: 6 | E12: 2000 | F12: 100 | G12: FALSE | H12: 100
A13: Britannia Milk Bikis Biscuits Packet | B13: 2000 | C13: 0 | D13: 3 | E13: 2000 | F13: 200 | G13: FALSE | H13: 200
... A148: Sunfeast Dark Fantasy Bourbon Bliss | B148: 3500 | C148: 0 | D148: 0 | E148: 3500 | F148: 150 | G148: TRUE | H148: 150

Sheet Personal Care
A1: name | B1: mrp | C1: discountPercent | D1: availableQuantity | E1: discountedSellingPrice | F1: weightInGms | G1: outOfStock | H1: quantity
A2: Clove Sensitive Toothpaste with Anti-Sensitivity & Fluoride Formulation | B2: 16000 | C2: 35 | D2: 3 | E2: 10400 | F2: 80 | G2: FALSE | H2: 80
A3: Dettol Original Germ Protection Alcohol Based Hand Sanitizer | B3: 2500 | C3: 0 | D3: 6 | E3: 2500 | F3: 50 | G3: FALSE | H3: 50
A4: Colgate Visible White Toothpaste | B4: 11500 | C4: 10 | D4: 6 | E4: 10300 | F4: 100 | G4: FALSE | H4: 100
A5: Dettol SKincare Handwash Value Refill | B5: 10900 | C5: 3 | D5: 6 | E5: 10500 | F5: 750 | G5: FALSE | H5: 750
A6: Savlon Herbal Sensitive Liquid Handwash Refill Pouch | B6: 11500 | C6: 4 | D6: 6 | E6: 11000 | F6: 750 | G6: FALSE | H6: 500
A7: Colgate Total 12 Whole Mouth Protection Toothpaste | B7: 12000 | C7: 10 | D7: 6 | E7: 10800 | F7: 120 | G7: FALSE | H7: 120
A8: Lux International Creamy White Soap Bar | B8: 3500 | C8: 2 | D8: 6 | E8: 3400 | F8: 75 | G8: FALSE | H8: 75
A9: Colgate Herbal Toothpaste | B9: 11400 | C9: 18 | D9: 2 | E9: 9300 | F9: 200 | G9: FALSE | H9: 200
A10: Nivea Men Deodorant Fresh Active 48h Long lasting Freshness | B10: 22500 | C10: 24 | D10: 6 | E10: 16900 | F10: 150 | G10: FALSE | H10: 150
A11: Dabur Meswak Toothpaste | B11: 5800 | C11: 5 | D11: 6 | E11: 5500 | F11: 100 | G11: FALSE | H11: 100
A12: Colgate Max Fresh Cooling Crystals Toothpaste | B12: 10100 | C12: 5 | D12: 2 | E12: 9500 | F12: 150 | G12: FALSE | H12: 150
A13: Indulekha Bhringa Hair Oil | B13: 43200 | C13: 15 | D13: 6 | E13: 36700 | F13: 100 | G13: FALSE | H13: 100
... A345: MamyPoko Pants Standard Diapers, Extra Large (12 - 17 kg) | B345: 39900 | C345: 7 | D345: 0 | E345: 36900 | F345: 26 | G345: TRUE | H345: 26

Sheet Paan Corner
A1: name | B1: mrp | C1: discountPercent | D1: availableQuantity | E1: discountedSellingPrice | F1: weightInGms | G1: outOfStock | H1: quantity
A2: Clove Sensitive Toothpaste with Anti-Sensitivity & Fluoride Formulation | B2: 16000 | C2: 35 | D2: 3 | E2: 10400 | F2: 80 | G2: FALSE | H2: 80
A3: Dettol Original Germ Protection Alcohol Based Hand Sanitizer | B3: 2500 | C3: 0 | D3: 6 | E3: 2500 | F3: 50 | G3: FALSE | H3: 50
A4: Colgate Visible White Toothpaste | B4: 11500 | C4: 10 | D4: 6 | E4: 10300 | F4: 100 | G4: FALSE | H4: 100
A5: Dettol SKincare Handwash Value Refill | B5: 10900 | C5: 3 | D5: 6 | E5: 10500 | F5: 750 | G5: FALSE | H5: 750
A6: Savlon Herbal Sensitive Liquid Handwash Refill Pouch | B6: 11500 | C6: 4 | D6: 6 | E6: 11000 | F6: 750 | G6: FALSE | H6: 500
A7: Colgate Total 12 Whole Mouth Protection Toothpaste | B7: 12000 | C7: 10 | D7: 6 | E7: 10800 | F7: 120 | G7: FALSE | H7: 120
A8: Lux International Creamy White Soap Bar | B8: 3500 | C8: 2 | D8: 6 | E8: 3400 | F8: 75 | G8: FALSE | H8: 75
A9: Colgate Herbal Toothpaste | B9: 11400 | C9: 18 | D9: 2 | E9: 9300 | F9: 200 | G9: FALSE | H9: 200
A10: Nivea Men Deodorant Fresh Active 48h Long lasting Freshness | B10: 22500 | C10: 24 | D10: 6 | E10: 16900 | F10: 150 | G10: FALSE | H10: 150
A11: Dabur Meswak Toothpaste | B11: 5800 | C11: 5 | D11: 6 | E11: 5500 | F11: 100 | G11: FALSE | H11: 100
A12: Colgate Max Fresh Cooling Crystals Toothpaste | B12: 10100 | C12: 5 | D12: 2 | E12: 9500 | F12: 150 | G12: FALSE | H12: 150
A13: Indulekha Bhringa Hair Oil | B13: 43200 | C13: 15 | D13: 6 | E13: 36700 | F13: 100 | G13: FALSE | H13: 100
... A345: MamyPoko Pants Standard Diapers, Extra Large (12 - 17 kg) | B345: 39900 | C345: 7 | D345: 0 | E345: 36900 | F345: 26 | G345: TRUE | H345: 26

Sheet Home & Cleaning
A1: name | B1: mrp | C1: discountPercent | D1: availableQuantity | E1: discountedSellingPrice | F1: weightInGms | G1: outOfStock | H1: quantity
A2: Surf Excel Stain Eraser | B2: 1800 | C2: 0 | D2: 1 | E2: 1800 | F2: 150 | G2: FALSE | H2: 150
A3: Colin Glass and Surface Cleaner Liquid Spray Regular | B3: 9600 | C3: 7 | D3: 6 | E3: 8900 | F3: 500 | G3: FALSE | H3: 500
A4: A1 Biodegradable Garbage Dustbin Bags | B4: 6900 | C4: 0 | D4: 6 | E4: 6900 | F4: 30 | G4: FALSE | H4: 30
A5: Mortein Cockroach Killer Spray, Crawling insect killer with Deep-Reach Nozzle | B5: 18900 | C5: 5 | D5: 2 | E5: 17900 | F5: 425 | G5: FALSE | H5: 425
A6: Pril Perfect Lime Dishwash Liquid | B6: 19000 | C6: 7 | D6: 4 | E6: 17500 | F6: 750 | G6: FALSE | H6: 750
A7: Dettol Antiseptic Disinfectant Liquid | B7: 6600 | C7: 0 | D7: 6 | E7: 6600 | F7: 125 | G7: FALSE | H7: 125
A8: Godrej Aer Power Pocket Berry Rush | B8: 5500 | C8: 0 | D8: 3 | E8: 5500 | F8: 10 | G8: FALSE | H8: 10
A9: Hit Cockroach Killer Spray | B9: 10100 | C9: 2 | D9: 4 | E9: 9800 | F9: 200 | G9: FALSE | H9: 200
A10: Vim Dishwash Liquid Gel Lemon | B10: 18500 | C10: 5 | D10: 1 | E10: 17500 | F10: 750 | G10: FALSE | H10: 750
A11: Harpic Disinfectant Toilet Cleaner Liquid, Original - 1 L | B11: 17800 | C11: 0 | D11: 6 | E11: 17800 | F11: 1000 | G11: FALSE | H11: 1
A12: Odomos Mosquito Repellent Cream | B12: 5000 | C12: 8 | D12: 6 | E12: 4600 | F12: 50 | G12: FALSE | H12: 50
A13: Harpic Disinfectant Bathroom Cleaner Liquid Lemon | B13: 18900 | C13: 5 | D13: 6 | E13: 17900 | F13: 1000 | G13: FALSE | H13: 1
... A195: Dettol Antiseptic Liquid | B195: 3000 | C195: 0 | D195: 0 | E195: 3000 | F195: 60 | G195: TRUE | H195: 60

Sheet Health & Hygiene
A1: name | B1: mrp | C1: discountPercent | D1: availableQuantity | E1: discountedSellingPrice | F1: weightInGms | G1: outOfStock | H1: quantity
A2: Epigamia Fruit Yogurt Alphonso Mango | B2: 4000 | C2: 50 | D2: 6 | E2: 2000 | F2: 75 | G2: FALSE | H2: 75
A3: Epigamia Fruit Yogurt Vanilla | B3: 4000 | C3: 50 | D3: 6 | E3: 2000 | F3: 75 | G3: FALSE | H3: 75
A4: Nestle A+ Actiplus Probiotic Dahi Plain Curd | B4: 7800 | C4: 3 | D4: 5 | E4: 7500 | F4: 400 | G4: FALSE | H4: 400
A5: Dettol Original Germ Protection Alcohol Based Hand Sanitizer | B5: 2500 | C5: 0 | D5: 6 | E5: 2500 | F5: 50 | G5: FALSE | H5: 50
A6: Dettol Antiseptic Disinfectant Liquid | B6: 6600 | C6: 0 | D6: 6 | E6: 6600 | F6: 125 | G6: FALSE | H6: 125
A7: Durex Air Ultra Thin Condoms | B7: 8200 | C7: 0 | D7: 6 | E7: 8200 | F7: 174 | G7: FALSE | H7: 3
A8: Durex Air Ultra Thin Condom | B8: 24500 | C8: 10 | D8: 6 | E8: 22000 | F8: 580 | G8: FALSE | H8: 10
A9: Dabur Regular Hajmola | B9: 4500 | C9: 6 | D9: 6 | E9: 4200 | F9: 120 | G9: FALSE | H9: 120
A10: Hajmola Anardana Digestive Tablets | B10: 4500 | C10: 6 | D10: 2 | E10: 4200 | F10: 120 | G10: FALSE | H10: 180
A11: Zandu Balm | B11: 4000 | C11: 10 | D11: 4 | E11: 3600 | F11: 8 | G11: FALSE | H11: 8
A12: Vicks Cough Drops Menthol | B12: 2000 | C12: 0 | D12: 6 | E12: 2000 | F12: 1160 | G12: FALSE | H12: 20
A13: Durex Extra Time Condoms | B13: 22800 | C13: 10 | D13: 6 | E13: 20500 | F13: 580 | G13: FALSE | H13: 10
... A98: Dettol Antiseptic Liquid | B98: 3000 | C98: 0 | D98: 0 | E98: 3000 | F98: 60 | G98: TRUE | H98: 60

Sheet Curated For You
A1: name | B1: mrp | C1: discountPercent | D1: availableQuantity | E1: discountedSellingPrice | F1: weightInGms | G1: outOfStock | H1: quantity
A2: Schweppes Soft Drink - Original Ginger Ale | B2: 5000 | C2: 2 | D2: 1 | E2: 4900 | F2: 300 | G2: FALSE | H2: 300
A3: Coolberg Cranberry Non Alcoholic Beer | B3: 7900 | C3: 25 | D3: 6 | E3: 5900 | F3: 330 | G3: FALSE | H3: 330
A4: Schweppes Indian Tonic Water | B4: 5000 | C4: 2 | D4: 6 | E4: 4900 | F4: 300 | G4: FALSE | H4: 300
A5: Coolberg Peach Non Alcoholic Beer | B5: 7900 | C5: 25 | D5: 6 | E5: 5900 | F5: 330 | G5: FALSE | H5: 330
A6: Pringles Sour Cream And Onion Potato Crisps | B6: 10900 | C6: 5 | D6: 3 | E6: 10300 | F6: 107 | G6: FALSE | H6: 110
A7: Coolberg Malt Non Alcoholic Beer | B7: 7900 | C7: 25 | D7: 6 | E7: 5900 | F7: 330 | G7: FALSE | H7: 330
A8: Coolberg Strawberry Non Alcoholic Beer | B8: 7900 | C8: 25 | D8: 6 | E8: 5900 | F8: 330 | G8: FALSE | H8: 330
A9: Coolberg Mint Non Alcoholic Beer | B9: 7900 | C9: 25 | D9: 6 | E9: 5900 | F9: 330 | G9: FALSE | H9: 330
A10: 4700BC Gourmet Popcorn - Himalayan Salt Caramel | B10: 4900 | C10: 2 | D10: 6 | E10: 4800 | F10: 60 | G10: FALSE | H10: 60
A11: Coolberg Ginger Non Alcoholic Beer | B11: 7900 | C11: 25 | D11: 6 | E11: 5900 | F11: 330 | G11: FALSE | H11: 330
A12: Pringles Original Potato Crisps | B12: 10900 | C12: 5 | D12: 6 | E12: 10300 | F12: 107 | G12: FALSE | H12: 110
A13: Jimmy's Cocktails Mango Chilli Mojito | B13: 9900 | C13: 5 | D13: 6 | E13: 9400 | F13: 250 | G13: FALSE | H13: 250
... A47: &Stirred Mojito - Lemon & Mint | B47: 5000 | C47: 30 | D47: 0 | E47: 3500 | F47: 125 | G47: TRUE | H47: 125
